hotspot_id,lat,lon,radius_m,n_violations,severity_sum,severity_mean,junction_share,peak_share,active_days,parking_share,police_station,junction_name,top_violations,top_vehicle,peak_hour,cis,c_volume,c_severity,c_junction,c_persistence,c_peak,tier,rank
107,12.975534,77.576832,3414.3,63555,37528.05,0.59,0.847,0.335,151,1.0,Upparpet,BTP082 - KR Market Junction,WRONG PARKING (36744); NO PARKING (27218); PARKING IN A MAIN ROAD (1851),SCOOTER,9,67.79,100.0,10.0,84.7,100.0,33.5,High,1
125,12.99109,77.550153,3157.0,36135,21334.7,0.59,0.803,0.325,151,1.0,Malleshwaram,BTP027 - Modi Bridge Junction,WRONG PARKING (22303); NO PARKING (13953); PARKING IN A MAIN ROAD (800),SCOOTER,10,64.68,92.9,10.0,80.3,100.0,32.5,High,2
141,12.982149,77.606335,1111.0,23937,14155.35,0.591,0.792,0.417,151,1.0,Shivajinagar,BTP051 - Safina Plaza Junction,WRONG PARKING (13661); NO PARKING (10334); DEFECTIVE NUMBER PLATE (824),SCOOTER,10,63.9,87.7,10.2,79.2,100.0,41.7,High,3
67,12.928587,77.583374,540.7,2181,1267.15,0.581,0.993,0.428,144,1.0,Jayanagara,"BTP189 - New Diagonal Road, Jayanagar",NO PARKING (1841); WRONG PARKING (442); PARKING IN A MAIN ROAD (117),CAR,8,58.2,57.7,7.7,99.3,98.8,42.8,High,4
104,12.953234,77.542341,487.9,1341,869.4,0.648,0.999,0.201,129,1.0,Byatarayanapura,BTP096 - Gali Anjaneya Temple,WRONG PARKING (713); NO PARKING (630); PARKING IN A MAIN ROAD (229),SCOOTER,1,57.99,51.6,24.5,99.9,96.0,20.1,High,5
94,12.943953,77.571376,486.1,2187,1293.15,0.591,1.0,0.265,145,1.0,Basavanagudi,BTP108 - Tagore Park Junction,WRONG PARKING (1221); NO PARKING (973); PARKING IN A MAIN ROAD (79),SCOOTER,10,57.38,57.7,10.2,100.0,99.0,26.5,High,6
84,12.936731,77.601725,109.3,186,142.85,0.768,1.0,0.14,80,1.0,Mico Layout,BTP126 - Dairy Circle,WRONG PARKING (153); PARKING IN A MAIN ROAD (94); NO PARKING (33),SCOOTER,6,55.68,26.9,54.5,100.0,84.0,14.0,High,7
152,12.988793,77.537742,439.8,901,559.4,0.621,1.0,0.376,101,1.0,Vijayanagara,BTP208 - Havanur Circle,WRONG PARKING (807); NO PARKING (101); PARKING IN A MAIN ROAD (63),CAR,10,55.65,46.6,17.7,100.0,89.8,37.6,High,8
81,12.935927,77.607325,272.5,203,158.45,0.781,1.0,0.059,59,1.0,Mico Layout,BTP136 - Hosur-Tavarkere Road Junction,WRONG PARKING (119); PARKING IN A MAIN ROAD (116); NO PARKING (84),CAR,2,54.86,27.9,57.8,100.0,76.3,5.9,Medium,9
115,12.960082,77.558525,703.2,318,228.0,0.717,1.0,0.138,77,1.0,Chamarajpet,BTP091 - Sirsi Circle,NO PARKING (233); WRONG PARKING (118); PARKING IN A MAIN ROAD (116),CAR,3,54.34,33.6,41.7,100.0,83.0,13.8,Medium,10
128,12.970913,77.597705,570.9,1264,734.2,0.581,0.963,0.328,126,1.0,Cubbon Park,BTP063 - Siddalingaiah Circle,NO PARKING (1115); WRONG PARKING (151); PARKING IN A MAIN ROAD (79),CAR,9,54.04,50.8,7.7,96.3,95.4,32.8,Medium,11
163,12.992628,77.588966,259.0,2509,1479.2,0.59,0.843,0.16,91,1.0,High ground,BTP032 - Windsor Circle,WRONG PARKING (1850); NO PARKING (661); DEFECTIVE NUMBER PLATE (60),SCOOTER,3,51.87,59.4,10.0,84.3,87.2,16.0,Medium,12
78,12.936099,77.615858,971.0,1561,922.25,0.591,0.795,0.283,131,1.0,Adugodi,BTP135 - UCO Bank Junction,NO PARKING (1243); WRONG PARKING (392); PARKING IN A MAIN ROAD (114),SCOOTER,11,51.8,53.5,10.2,79.5,96.4,28.3,Medium,13
65,12.93509,77.690807,2027.9,14790,10245.05,0.693,0.0,0.289,149,1.0,HAL Old Airport,,WRONG PARKING (8203); NO PARKING (7560); PARKING IN A MAIN ROAD (4313),SCOOTER,4,51.29,81.7,35.7,0.0,99.7,28.9,Medium,14
59,12.917125,77.59609,234.8,187,137.2,0.734,1.0,0.187,36,1.0,Jayanagara,"BTP202 - East End Main Road, Jayanagar",NO PARKING (165); WRONG PARKING (153); PARKING ON FOOTPATH (90),CAR,2,51.05,26.9,46.0,100.0,64.0,18.7,Medium,15
118,12.961946,77.598341,381.9,1307,726.75,0.556,1.0,0.161,75,1.0,Ashok Nagar,BTP172 - Nanjappa Circle,NO PARKING (1179); WRONG PARKING (128); DEFECTIVE NUMBER PLATE (20),SCOOTER,4,49.72,51.3,1.5,100.0,82.3,16.1,Medium,16
47,12.913202,77.58605,461.7,317,197.15,0.622,1.0,0.246,80,1.0,J.P. Nagar,"BTP197 - 9th Cross, 24th Main, JP Nagar",WRONG PARKING (172); NO PARKING (147); PARKING IN A MAIN ROAD (36),CAR,11,49.61,33.5,18.0,100.0,84.0,24.6,Medium,17
45,12.915339,77.573418,525.5,641,369.95,0.577,0.98,0.117,120,1.0,Jayanagara,"BTP115 - Sahasra Hospital, Jayanagar",NO PARKING (419); WRONG PARKING (227); DEFECTIVE NUMBER PLATE (35),SCOOTER,3,49.29,42.3,6.7,98.0,94.2,11.7,Medium,18
105,12.954204,77.591743,424.8,308,175.1,0.569,1.0,0.435,102,1.0,Wilson Garden,"BTP102 - BMTC Junction, KH Road",NO PARKING (225); WRONG PARKING (84); PARKING ON FOOTPATH (8),CAR,9,49.0,33.2,4.7,100.0,90.1,43.5,Medium,19
170,12.998287,77.672716,612.7,3286,2504.5,0.762,0.0,0.193,144,1.0,Mahadevapura,,NO PARKING (1716); WRONG PARKING (1686); PARKING IN A MAIN ROAD (1512),PASSENGER AUTO,1,48.85,62.8,53.0,0.0,98.8,19.3,Medium,20
75,12.927197,77.597102,139.1,51,43.55,0.854,1.0,0.118,11,1.0,Jayanagara,"BTP127 - Sagar Hospital, Jayanagar",NO PARKING (47); PARKING IN A MAIN ROAD (37); WRONG PARKING (35),CAR,3,48.72,10.8,76.0,100.0,35.3,11.8,Medium,21
40,12.907994,77.600839,138.0,562,318.05,0.566,1.0,0.375,53,1.0,Mico Layout,BTP130 - GD Mara Junction,NO PARKING (531); WRONG PARKING (32); DEFECTIVE NUMBER PLATE (20),SCOOTER,11,48.0,40.7,4.0,100.0,73.6,37.5,Medium,22
97,12.945097,77.595427,245.1,375,211.2,0.563,1.0,0.315,90,1.0,Wilson Garden,"BTP123 - 10th Cross, Wilson Garden",NO PARKING (285); WRONG PARKING (91); DEFECTIVE NUMBER PLATE (5),SCOOTER,4,47.69,35.6,3.2,100.0,86.9,31.5,Medium,23
98,12.948799,77.578591,432.9,377,216.1,0.573,1.0,0.207,68,1.0,V.V.Puram (C.Pet),BTP184 - Lalbagh West Gate,NO PARKING (248); WRONG PARKING (130); PARKING IN A MAIN ROAD (4),CAR,11,46.2,35.7,5.7,100.0,79.9,20.7,Medium,24
171,12.997307,77.583413,298.4,475,286.4,0.603,0.596,0.625,90,1.0,Sheshadripuram,BTP032 - Windsor Circle,NO PARKING (332); WRONG PARKING (162); PARKING IN A MAIN ROAD (25),CAR,8,46.1,38.6,13.2,59.6,86.9,62.5,Medium,25
122,12.969154,77.643703,734.3,2236,1461.7,0.654,0.194,0.315,142,1.0,Jeevanbheemanagar,"BTP148 - 17th Main, Doopanahalli Bus Stop",NO PARKING (1692); WRONG PARKING (812); PARKING IN A MAIN ROAD (500),CAR,7,45.7,58.0,26.0,19.4,98.4,31.5,Medium,26
62,12.920189,77.620927,194.4,115,76.8,0.668,1.0,0.122,47,1.0,Madiwala,BTP137 - Madiwala Traffic PS Junction,NO PARKING (82); WRONG PARKING (35); PARKING IN A MAIN ROAD (28),CAR,13,45.45,20.9,29.5,100.0,70.6,12.2,Medium,27
119,12.961037,77.636993,254.5,264,146.6,0.555,1.0,0.318,65,1.0,Halasur,"BTP145 - Sri Hatti Maramma Circle, Domluru",NO PARKING (243); WRONG PARKING (21); DEFECTIVE NUMBER PLATE (11),CAR,4,44.67,31.2,1.3,100.0,78.7,31.8,Medium,28
74,12.926696,77.550756,130.4,300,176.05,0.587,1.0,0.273,36,1.0,Banashankari,BTP155 - Katriguppe Junction,NO PARKING (278); PARKING IN A MAIN ROAD (25); WRONG PARKING (22),SCOOTER,11,44.49,32.8,9.2,100.0,64.0,27.3,Medium,29
83,12.939649,77.584893,808.5,1058,618.45,0.585,0.584,0.216,111,1.0,Wilson Garden,"BTP186 - 9th Cross, 4th Main, Jayanagar",NO PARKING (544); WRONG PARKING (520); DEFECTIVE NUMBER PLATE (25),SCOOTER,3,44.45,48.6,8.7,58.4,92.2,21.6,Medium,30
188,13.00846,77.695386,323.2,3520,2439.0,0.693,0.0,0.133,150,1.0,K.R. Pura,,WRONG PARKING (2523); NO PARKING (1056); PARKING IN A MAIN ROAD (1053),SCOOTER,0,44.35,63.7,35.7,0.0,99.8,13.3,Medium,31
70,12.929245,77.608329,567.2,758,531.45,0.701,0.301,0.166,105,1.0,Mico Layout,BTP136 - Hosur-Tavarkere Road Junction,WRONG PARKING (380); NO PARKING (378); PARKING IN A MAIN ROAD (272),SCOOTER,2,44.07,44.4,37.7,30.1,90.8,16.6,Medium,32
33,12.904719,77.585693,210.0,73,47.9,0.656,1.0,0.37,32,1.0,J.P. Nagar,"BTP221 - 15th Cross, 24th Main, JP Nagar",NO PARKING (37); WRONG PARKING (36); PARKING IN A MAIN ROAD (15),CAR,9,44.06,15.2,26.5,100.0,61.1,37.0,Medium,33
58,12.917336,77.578374,171.8,162,99.2,0.612,1.0,0.204,47,1.0,Jayanagara,"BTP176 - Rajalakshmi Kalyana Mantapa, JP Nagar",NO PARKING (108); WRONG PARKING (61); PARKING IN A MAIN ROAD (17),CAR,5,44.05,25.1,15.5,100.0,70.6,20.4,Medium,34
103,12.951403,77.717466,158.7,362,306.85,0.848,0.0,0.434,43,1.0,Whitefield,,WRONG PARKING (330); PARKING IN A MAIN ROAD (252); NO PARKING (61),SCOOTER,8,43.78,35.2,74.5,0.0,68.4,43.4,Medium,35
102,12.949591,77.597328,375.3,219,127.0,0.58,0.863,0.429,58,1.0,Wilson Garden,"BTP123 - 10th Cross, Wilson Garden",WRONG PARKING (123); NO PARKING (96); DEFECTIVE NUMBER PLATE (5),SCOOTER,8,43.48,28.9,7.5,86.3,75.9,42.9,Medium,36
260,13.185326,77.680411,654.3,4263,2747.65,0.645,0.0,0.156,144,1.0,Chikkajala,,NO PARKING (2482); WRONG PARKING (1794); PARKING IN A MAIN ROAD (794),CAR,4,42.15,66.1,23.8,0.0,98.8,15.6,Medium,37
169,12.995655,77.695634,399.6,1279,907.05,0.709,0.0,0.378,87,1.0,Mahadevapura,,NO PARKING (796); WRONG PARKING (512); PARKING IN A MAIN ROAD (353),PASSENGER AUTO,11,41.93,51.0,39.7,0.0,86.1,37.8,Medium,38
181,13.003463,77.723503,33.1,130,123.5,0.95,0.0,0.008,32,1.0,K.R. Pura,,PARKING IN A MAIN ROAD (130); WRONG PARKING (130),SCOOTER,4,40.96,22.4,100.0,0.0,61.1,0.8,Medium,39
86,12.938243,77.57699,177.3,192,111.1,0.579,1.0,0.042,46,1.0,Basavanagudi,BTP216 - Yediyur Junction,NO PARKING (98); WRONG PARKING (94); PARKING IN A MAIN ROAD (2),CAR,6,40.92,27.3,7.2,100.0,70.1,4.2,Medium,40
71,12.925379,77.61881,317.7,505,284.0,0.562,0.624,0.305,84,1.0,Madiwala,BTP137 - Madiwala Traffic PS Junction,NO PARKING (451); WRONG PARKING (57); PARKING IN A MAIN ROAD (8),CAR,1,40.86,39.3,3.0,62.4,85.2,30.5,Medium,41
132,12.973651,77.61605,1467.5,4325,2577.75,0.596,0.028,0.243,150,1.0,Halasur,BTP051 - Safina Plaza Junction,NO PARKING (3502); WRONG PARKING (1080); PARKING IN A MAIN ROAD (364),CAR,4,40.72,66.3,11.5,2.8,99.8,24.3,Medium,42
245,13.071027,77.588389,483.8,5195,3049.35,0.587,0.0,0.328,132,1.0,Kodigehalli,,WRONG PARKING (3629); NO PARKING (1572); DEFECTIVE NUMBER PLATE (201),SCOOTER,11,40.66,68.6,9.2,0.0,96.6,32.8,Medium,43
127,12.968177,77.568968,310.5,154,101.05,0.656,0.649,0.195,60,1.0,Chamarajpet,BTP085 - Briyand Circle,NO PARKING (86); WRONG PARKING (77); PARKING IN A MAIN ROAD (32),PASSENGER AUTO,2,40.42,24.5,26.5,64.9,76.7,19.5,Medium,44
155,12.985451,77.74566,86.4,105,98.0,0.933,0.0,0.724,6,1.0,Whitefield,,PARKING IN A MAIN ROAD (100); NO PARKING (64); WRONG PARKING (46),SCOOTER,10,40.34,19.7,95.8,0.0,21.6,72.4,Medium,45
185,13.00768,77.526861,240.2,391,300.3,0.768,0.0,0.23,91,1.0,Rajajinagar,,NO PARKING (356); PARKING IN A MAIN ROAD (207); WRONG PARKING (35),CAR,11,39.85,36.1,54.5,0.0,87.2,23.0,Medium,46
87,12.938403,77.579834,219.9,98,55.25,0.564,1.0,0.398,30,1.0,Basavanagudi,"BTP186 - 9th Cross, 4th Main, Jayanagar",NO PARKING (72); WRONG PARKING (27); DEFECTIVE NUMBER PLATE (3),CAR,8,39.44,18.9,3.5,100.0,59.5,39.8,Medium,47
38,12.906317,77.591527,225.9,74,45.6,0.616,0.973,0.216,30,1.0,J.P. Nagar,BTP222 - Delmia Circle,NO PARKING (64); PARKING IN A MAIN ROAD (11); WRONG PARKING (10),CAR,2,39.29,15.4,16.5,97.3,59.5,21.6,Medium,48
159,12.989858,77.593035,496.0,364,210.4,0.578,0.497,0.365,90,1.0,High ground,BTP034 - LRDE Junction,NO PARKING (197); WRONG PARKING (167); DEFECTIVE NUMBER PLATE (10),CAR,9,38.95,35.2,7.0,49.7,86.9,36.5,Medium,49
61,12.919728,77.583742,224.8,98,56.5,0.577,0.99,0.102,48,1.0,Jayanagara,"BTP191 - 40th Cross, 4th Main, Jayanagar",NO PARKING (53); WRONG PARKING (45); PARKING IN A MAIN ROAD (1),CAR,3,38.84,18.9,6.7,99.0,71.2,10.2,Medium,50
261,13.191232,77.646218,137.9,755,539.5,0.715,0.0,0.208,91,1.0,Chikkajala,,NO PARKING (645); PARKING IN A MAIN ROAD (305); WRONG PARKING (116),CAR,1,38.79,44.4,41.2,0.0,87.2,20.8,Medium,51
207,13.02938,77.538948,641.4,1093,703.6,0.644,0.0,0.323,133,1.0,Yeshwanthpura,,WRONG PARKING (568); NO PARKING (544); PARKING IN A MAIN ROAD (172),CAR,10,38.33,49.0,23.5,0.0,96.8,32.3,Medium,52
139,12.975996,77.531403,142.9,72,44.15,0.613,1.0,0.153,22,1.0,Vijayanagara,BTP214 - 5th Main Chamrajpet  Junction,WRONG PARKING (54); NO PARKING (18); PARKING IN A MAIN ROAD (5),SCOOTER,11,37.77,15.1,15.7,100.0,51.9,15.3,Medium,53
143,12.979205,77.695098,203.9,468,343.15,0.733,0.0,0.203,80,1.0,Mahadevapura,,NO PARKING (375); WRONG PARKING (204); PARKING IN A MAIN ROAD (189),MAXI-CAB,3,37.58,38.4,45.7,0.0,84.0,20.3,Medium,54
154,12.985465,77.594102,148.1,106,60.05,0.567,1.0,0.085,37,1.0,Cubbon Park,BTP166 - Coffee Board Junction,NO PARKING (87); WRONG PARKING (19); DEFECTIVE NUMBER PLATE (3),CAR,7,37.57,19.9,4.2,100.0,64.7,8.5,Medium,55
111,12.957828,77.701561,376.0,1385,860.15,0.621,0.0,0.274,139,1.0,HAL Old Airport,,NO PARKING (1073); WRONG PARKING (351); PARKING IN A MAIN ROAD (197),CAR,11,37.46,52.0,17.7,0.0,97.9,27.4,Medium,56
114,12.959788,77.646801,400.4,1327,775.25,0.584,0.162,0.223,125,1.0,Jeevanbheemanagar,"BTP148 - 17th Main, Doopanahalli Bus Stop",NO PARKING (1288); PARKING IN A MAIN ROAD (103); WRONG PARKING (73),MAXI-CAB,5,37.32,51.5,8.5,16.2,95.2,22.3,Medium,57
106,12.951587,77.607566,228.2,110,61.85,0.562,0.973,0.282,24,1.0,Ashok Nagar,BTP132 - Anepalya Junction,NO PARKING (98); WRONG PARKING (13); PARKING IN A MAIN ROAD (2),CAR,10,37.23,20.3,3.0,97.3,54.0,28.2,Medium,58
153,12.985678,77.588608,110.7,49,29.0,0.592,1.0,0.245,31,1.0,High ground,BTP035 - Basaweshwara Circle (LH) Junction,WRONG PARKING (33); NO PARKING (16); DEFECTIVE NUMBER PLATE (4),CAR,1,37.21,10.3,10.5,100.0,60.3,24.5,Medium,59
138,12.973804,77.566267,206.1,61,38.6,0.633,1.0,0.148,16,1.0,Magadi Road,BTP074 - Leprosy Hospital Junction,NO PARKING (42); WRONG PARKING (19); PARKING IN A MAIN ROAD (10),SCOOTER,2,37.2,13.0,20.7,100.0,44.2,14.8,Medium,60
101,12.949873,77.522437,370.0,139,118.25,0.851,0.137,0.151,18,1.0,Byatarayanapura,BTP098 - Nayandahalli Junction,NO PARKING (102); PARKING IN A MAIN ROAD (99); WRONG PARKING (37),CAR,11,37.08,23.2,75.2,13.7,47.0,15.1,Medium,61
44,12.910159,77.55066,248.0,132,114.3,0.866,0.0,0.038,42,1.0,K.S. Layout,,WRONG PARKING (118); PARKING IN A MAIN ROAD (102); NO PARKING (15),CAR,11,37.08,22.6,79.0,0.0,67.8,3.8,Medium,62
196,13.018352,77.53163,469.8,666,458.3,0.688,0.0,0.164,108,1.0,Rajajinagar,,WRONG PARKING (344); NO PARKING (342); PARKING IN A MAIN ROAD (188),CAR,11,36.84,42.8,34.5,0.0,91.5,16.4,Medium,63
110,12.963036,77.717116,714.5,2300,1394.0,0.606,0.0,0.247,90,1.0,HAL Old Airport,,WRONG PARKING (2182); NO PARKING (134); PARKING IN A MAIN ROAD (55),MAXI-CAB,5,36.52,58.4,14.0,0.0,86.9,24.7,Medium,64
64,12.920296,77.610442,179.1,58,36.2,0.624,0.914,0.172,24,1.0,Mico Layout,"BTP163 - 16th Main Road, BTM Layout",WRONG PARKING (58); PARKING IN A MAIN ROAD (4); DEFECTIVE NUMBER PLATE (1),SCOOTER,13,36.44,12.4,18.5,91.4,54.0,17.2,Medium,65
213,13.035572,77.589062,304.1,3166,1782.7,0.563,0.0,0.226,137,1.0,Hebbala,,NO PARKING (2413); WRONG PARKING (754); DEFECTIVE NUMBER PLATE (224),SCOOTER,4,36.41,62.4,3.2,0.0,97.5,22.6,Medium,66
36,12.906545,77.573298,198.4,62,36.05,0.581,1.0,0.129,32,1.0,J.P. Nagar,"BTP159 - JP Nagar Metro, ORR",NO PARKING (55); WRONG PARKING (8); PARKING IN A MAIN ROAD (4),CAR,11,36.35,13.2,7.7,100.0,61.1,12.9,Medium,67
92,12.942058,77.525657,541.1,269,172.95,0.643,0.405,0.16,58,1.0,Byatarayanapura,BTP098 - Nayandahalli Junction,WRONG PARKING (182); NO PARKING (90); PARKING IN A MAIN ROAD (37),SCOOTER,11,36.34,31.5,23.2,40.5,75.9,16.0,Medium,68
124,12.964596,77.553488,705.5,804,502.1,0.625,0.1,0.187,121,1.0,Magadi Road,BTP091 - Sirsi Circle,NO PARKING (561); WRONG PARKING (249); PARKING IN A MAIN ROAD (117),SCOOTER,2,36.27,45.2,18.7,10.0,94.4,18.7,Medium,69
34,12.907937,77.628873,667.4,1210,766.2,0.633,0.0,0.16,121,1.0,HSR Layout,,WRONG PARKING (888); NO PARKING (346); PARKING IN A MAIN ROAD (142),CAR,13,36.04,50.3,20.7,0.0,94.4,16.0,Medium,70
99,12.947183,77.590765,63.2,68,37.65,0.554,1.0,0.412,19,1.0,Wilson Garden,BTP122 - Siddapura Junction,NO PARKING (63); WRONG PARKING (5); DEFECTIVE NUMBER PLATE (1),PASSENGER AUTO,2,35.92,14.3,1.0,100.0,48.3,41.2,Medium,71
211,13.033704,77.557844,261.7,273,214.3,0.785,0.0,0.201,37,1.0,Yeshwanthpura,,NO PARKING (157); PARKING IN A MAIN ROAD (147); WRONG PARKING (120),SCOOTER,3,35.89,31.7,58.8,0.0,64.7,20.1,Medium,72
192,13.01086,77.583607,200.3,54,34.9,0.646,0.907,0.13,14,1.0,Sadashivanagar,BTP030 - Mekhri Circle,WRONG PARKING (28); NO PARKING (26); PARKING IN A MAIN ROAD (10),CAR,11,35.04,11.5,24.0,90.7,41.0,13.0,Medium,73
142,12.979002,77.640183,567.7,622,402.45,0.647,0.0,0.33,87,1.0,Jeevanbheemanagar,,NO PARKING (511); WRONG PARKING (232); PARKING IN A MAIN ROAD (118),SCOOTER,9,34.86,42.0,24.2,0.0,86.1,33.0,Low,74
176,13.001375,77.525548,356.6,155,121.35,0.783,0.0,0.232,47,1.0,Rajajinagar,,NO PARKING (152); PARKING IN A MAIN ROAD (89); WRONG PARKING (3),CAR,11,34.85,24.6,58.3,0.0,70.6,23.2,Low,75
123,12.963396,77.73305,188.9,108,87.4,0.809,0.0,0.574,17,1.0,Whitefield,,NO PARKING (105); PARKING IN A MAIN ROAD (64); WRONG PARKING (25),CAR,10,34.8,20.1,64.8,0.0,45.6,57.4,Low,76
42,12.907713,77.532877,126.3,60,54.35,0.906,0.0,0.017,27,1.0,K.S. Layout,,WRONG PARKING (58); PARKING IN A MAIN ROAD (52); DEFECTIVE NUMBER PLATE (3),MOPED,5,34.79,12.8,89.0,0.0,56.9,1.7,Low,77
100,12.947953,77.534397,294.3,105,83.65,0.797,0.086,0.21,36,1.0,Byatarayanapura,BTP098 - Nayandahalli Junction,NO PARKING (87); PARKING IN A MAIN ROAD (63); WRONG PARKING (20),LORRY/GOODS VEHICLE,1,34.78,19.7,61.8,8.6,64.0,21.0,Low,78
164,12.996683,77.61229,630.0,2401,1373.1,0.572,0.0,0.111,135,1.0,Pulikeshinagar(F.Town),,NO PARKING (1618); WRONG PARKING (792); PARKING ON FOOTPATH (162),SCOOTER,3,34.73,58.9,5.5,0.0,97.2,11.1,Low,79
129,12.968015,77.749634,294.5,95,76.05,0.801,0.0,0.432,32,1.0,Whitefield,,NO PARKING (83); PARKING IN A MAIN ROAD (56); WRONG PARKING (29),CAR,8,34.72,18.5,62.8,0.0,61.1,43.2,Low,80
131,12.968635,77.701141,265.0,129,94.6,0.733,0.0,0.589,46,1.0,HAL Old Airport,,NO PARKING (82); WRONG PARKING (61); PARKING IN A MAIN ROAD (55),CAR,9,34.53,22.3,45.7,0.0,70.1,58.9,Low,81
18,12.890377,77.638899,907.0,1456,882.75,0.606,0.0,0.085,126,1.0,Hulimavu,,WRONG PARKING (1381); NO PARKING (76); DOUBLE PARKING (34),CAR,2,34.45,52.6,14.0,0.0,95.4,8.5,Low,82
66,12.92228,77.580596,188.9,92,51.9,0.564,1.0,0.087,18,1.0,Jayanagara,"BTP190 - 36th Cross, 4th Main, Jayanagar",NO PARKING (73); WRONG PARKING (19); DEFECTIVE NUMBER PLATE (5),SCOOTER,5,34.23,18.1,3.5,100.0,47.0,8.7,Low,83
183,13.005701,77.685814,224.1,1050,652.95,0.622,0.0,0.256,80,1.0,K.R. Pura,,WRONG PARKING (798); NO PARKING (254); PARKING IN A MAIN ROAD (83),CAR,10,34.21,48.5,18.0,0.0,84.0,25.6,Low,84
50,12.912418,77.636181,475.3,1710,977.6,0.572,0.0,0.18,128,1.0,HSR Layout,,NO PARKING (1014); WRONG PARKING (696); DEFECTIVE NUMBER PLATE (30),SCOOTER,11,33.94,54.6,5.5,0.0,95.8,18.0,Low,85
108,12.957335,77.518832,215.0,465,320.85,0.69,0.0,0.114,77,1.0,Byatarayanapura,,WRONG PARKING (242); NO PARKING (227); PARKING IN A MAIN ROAD (135),SCOOTER,12,33.83,38.3,35.0,0.0,83.0,11.4,Low,86
63,12.920805,77.600462,214.7,48,29.25,0.609,1.0,0.021,17,1.0,Mico Layout,BTP128 - Gorappanapalya Junction,NO PARKING (42); PARKING IN A MAIN ROAD (7); WRONG PARKING (6),SCOOTER,12,33.76,10.0,14.7,100.0,45.6,2.1,Low,87
2,12.841839,77.646084,343.9,1841,1075.65,0.584,0.0,0.058,126,1.0,Electronic City,,WRONG PARKING (1140); NO PARKING (702); DEFECTIVE NUMBER PLATE (47),SCOOTER,12,33.69,55.6,8.5,0.0,95.4,5.8,Low,88
137,12.971763,77.658081,51.6,1092,648.0,0.593,0.0,0.27,96,1.0,Jeevanbheemanagar,,NO PARKING (1071); PARKING NEAR BUSTOP/SCHOOL/HOSPITAL ETC (91); DEFECTIVE NUMBER PLATE (68),SCOOTER,7,33.37,49.0,10.7,0.0,88.6,27.0,Low,89
208,13.027853,77.574764,541.7,1081,639.55,0.592,0.0,0.195,113,1.0,Sadashivanagar,,WRONG PARKING (724); NO PARKING (357); DEFECTIVE NUMBER PLATE (32),CAR,11,33.14,48.9,10.5,0.0,92.7,19.5,Low,90
4,12.855425,77.664494,137.0,84,70.85,0.843,0.0,0.202,21,1.0,Electronic City,,WRONG PARKING (66); PARKING IN A MAIN ROAD (61); NO PARKING (18),CAR,2,33.03,17.0,73.2,0.0,50.8,20.2,Low,92
133,12.972046,77.711749,358.9,721,468.75,0.65,0.0,0.09,83,1.0,HAL Old Airport,,WRONG PARKING (433); NO PARKING (300); PARKING IN A MAIN ROAD (131),CAR,3,33.03,43.8,25.0,0.0,84.9,9.0,Low,91
120,12.96083,77.528261,134.1,785,469.45,0.598,0.369,0.211,18,1.0,Byatarayanapura,BTP017 - Attiguppe Circle,WRONG PARKING (748); NO PARKING (105); DEFECTIVE NUMBER PLATE (17),SCOOTER,12,33.01,44.9,12.0,36.9,47.0,21.1,Low,93
49,12.911046,77.577661,171.1,45,27.25,0.606,1.0,0.0,16,1.0,J.P. Nagar,BTP196 - Sarakki Main Road,WRONG PARKING (37); NO PARKING (8); DEFECTIVE NUMBER PLATE (3),SCOOTER,3,32.91,9.3,14.0,100.0,44.2,0.0,Low,94
165,12.991669,77.652381,124.6,141,128.4,0.911,0.0,0.0,6,1.0,Banaswadi,,PARKING IN A MAIN ROAD (126); WRONG PARKING (83); NO PARKING (64),CAR,7,32.82,23.4,90.3,0.0,21.6,0.0,Low,95
68,12.922549,77.622622,76.1,79,44.5,0.563,1.0,0.0,18,1.0,Madiwala,BTP137 - Madiwala Traffic PS Junction,NO PARKING (73); WRONG PARKING (6); PARKING IN A MAIN ROAD (2),SCOOTER,0,32.73,16.2,3.2,100.0,47.0,0.0,Low,96
146,12.979433,77.564419,136.2,45,26.8,0.596,0.844,0.333,16,1.0,Magadi Road,BTP074 - Leprosy Hospital Junction,WRONG PARKING (25); NO PARKING (20); PARKING ON FOOTPATH (13),SCOOTER,11,32.49,9.3,11.5,84.4,44.2,33.3,Low,97
53,12.913709,77.606617,314.1,510,281.2,0.551,0.469,0.086,43,1.0,Mico Layout,"BTP163 - 16th Main Road, BTM Layout",NO PARKING (505); WRONG PARKING (7); PARKING ON FOOTPATH (1),SCOOTER,5,32.41,39.5,0.3,46.9,68.4,8.6,Low,98
203,13.024927,77.585275,477.5,611,361.4,0.591,0.0,0.352,107,1.0,R.T. Nagar,,WRONG PARKING (369); NO PARKING (242); DEFECTIVE NUMBER PLATE (31),CAR,10,32.3,41.7,10.2,0.0,91.3,35.2,Low,99
0,12.819284,77.688474,241.0,159,117.7,0.74,0.0,0.283,40,1.0,Electronic City,,WRONG PARKING (135); PARKING IN A MAIN ROAD (54); PARKING ON FOOTPATH (49),SCOOTER,2,32.17,24.9,47.5,0.0,66.6,28.3,Low,100
156,12.98746,77.734521,179.2,598,401.3,0.671,0.0,0.182,43,1.0,Mahadevapura,,PARKING ON FOOTPATH (525); WRONG PARKING (473); NO PARKING (254),MOTOR CYCLE,4,32.08,41.5,30.3,0.0,68.4,18.2,Low,101
227,13.047516,77.575609,386.1,949,558.45,0.588,0.0,0.173,104,1.0,Kodigehalli,,WRONG PARKING (711); NO PARKING (238); DEFECTIVE NUMBER PLATE (60),MOTOR CYCLE,2,31.87,47.3,9.5,0.0,90.6,17.3,Low,102
257,13.121591,77.631168,247.8,209,154.75,0.74,0.0,0.115,42,1.0,Chikkajala,,NO PARKING (168); PARKING IN A MAIN ROAD (89); WRONG PARKING (41),CAR,13,31.69,28.3,47.5,0.0,67.8,11.5,Low,103
242,13.063075,77.589209,414.3,726,462.4,0.637,0.0,0.033,82,1.0,Kodigehalli,,WRONG PARKING (579); NO PARKING (152); PARKING NEAR ROAD CROSSING (56),CAR,13,31.62,43.9,21.7,0.0,84.6,3.3,Low,104
224,13.045871,77.750326,101.7,168,116.9,0.696,0.0,0.208,74,1.0,K.R. Pura,,NO PARKING (115); WRONG PARKING (62); PARKING NEAR TRAFFIC LIGHT OR ZEBRA CROSS (33),CAR,12,31.18,25.6,36.5,0.0,82.0,20.8,Low,105
72,12.924312,77.575405,131.0,49,29.35,0.599,1.0,0.041,8,1.0,Banashankari,"BTP114 - KR Road Junction, Near JSS",NO PARKING (36); WRONG PARKING (13); PARKING IN A MAIN ROAD (5),SCOOTER,11,30.76,10.3,12.2,100.0,28.0,4.1,Low,106
73,12.930756,77.632212,665.8,818,475.75,0.582,0.0,0.22,85,1.0,Adugodi,,NO PARKING (751); WRONG PARKING (122); PARKING IN A MAIN ROAD (52),CAR,11,30.64,45.4,8.0,0.0,85.5,22.0,Low,107
95,12.940326,77.609176,138.8,45,25.7,0.571,0.822,0.133,26,1.0,Adugodi,BTP133 - Adugodi Junction,NO PARKING (34); WRONG PARKING (12); PARKING IN A MAIN ROAD (1),CAR,3,30.26,9.3,5.2,82.2,56.0,13.3,Low,108
166,12.993568,77.662526,289.7,829,472.85,0.57,0.0,0.203,96,1.0,Banaswadi,,NO PARKING (499); WRONG PARKING (330); DEFECTIVE NUMBER PLATE (9),SCOOTER,14,30.23,45.6,5.0,0.0,88.6,20.3,Low,109
1,12.840528,77.6768,176.9,294,194.05,0.66,0.0,0.391,36,1.0,Electronic City,,NO PARKING (160); WRONG PARKING (136); PARKING IN A MAIN ROAD (72),SCOOTER,11,30.16,32.6,27.5,0.0,64.0,39.1,Low,110
7,12.870473,77.654922,467.7,528,326.75,0.619,0.0,0.133,70,1.0,Electronic City,,WRONG PARKING (427); NO PARKING (105); PARKING IN A MAIN ROAD (42),CAR,12,29.71,39.9,17.2,0.0,80.6,13.3,Low,111
56,12.917505,77.672088,308.3,226,144.5,0.639,0.0,0.252,73,1.0,Bellandur,,WRONG PARKING (121); NO PARKING (119); PARKING IN A MAIN ROAD (34),CAR,10,29.12,29.3,22.2,0.0,81.7,25.2,Low,112
252,13.097249,77.599336,315.6,669,394.4,0.59,0.0,0.043,95,1.0,Yelahanka,,WRONG PARKING (423); NO PARKING (246); DEFECTIVE NUMBER PLATE (34),SCOOTER,2,29.04,42.9,10.0,0.0,88.3,4.3,Low,113
52,12.913012,77.679603,346.3,321,185.1,0.577,0.0,0.399,94,1.0,Bellandur,,NO PARKING (173); WRONG PARKING (149); DEFECTIVE NUMBER PLATE (7),CAR,9,28.98,33.7,6.7,0.0,88.0,39.9,Low,115
27,12.900038,77.675499,404.7,578,330.05,0.571,0.0,0.24,88,1.0,Bellandur,,NO PARKING (372); WRONG PARKING (206); DEFECTIVE NUMBER PLATE (7),CAR,11,28.98,41.0,5.2,0.0,86.4,24.0,Low,114
89,12.938194,77.746803,131.1,51,40.2,0.788,0.0,0.235,26,1.0,Whitefield,,WRONG PARKING (37); PARKING IN A MAIN ROAD (27); NO PARKING (25),SCOOTER,3,28.86,10.8,59.5,0.0,56.0,23.5,Low,116
199,13.018831,77.557808,261.8,347,211.25,0.609,0.0,0.228,75,1.0,Yeshwanthpura,,NO PARKING (191); WRONG PARKING (162); DEFECTIVE NUMBER PLATE (32),SCOOTER,4,28.71,34.7,14.7,0.0,82.3,22.8,Low,117
41,12.906823,77.546044,113.3,100,75.5,0.755,0.0,0.07,34,1.0,K.S. Layout,,WRONG PARKING (59); PARKING IN A MAIN ROAD (49); NO PARKING (41),CAR,12,28.64,19.1,51.3,0.0,62.6,7.0,Low,118
235,13.056987,77.592486,364.8,404,238.3,0.59,0.0,0.205,85,1.0,Kodigehalli,,WRONG PARKING (268); NO PARKING (136); DEFECTIVE NUMBER PLATE (12),CAR,11,28.34,36.6,10.0,0.0,85.5,20.5,Low,119
121,12.960954,77.511683,141.1,411,242.3,0.59,0.0,0.136,100,1.0,Jnanabharathi,,NO PARKING (218); WRONG PARKING (197); PARKING IN A MAIN ROAD (14),CAR,12,28.33,36.8,10.0,0.0,89.6,13.6,Low,120
218,13.039836,77.518572,248.0,261,164.0,0.628,0.0,0.218,66,1.0,Peenya,,NO PARKING (162); WRONG PARKING (114); PARKING IN A MAIN ROAD (35),PASSENGER AUTO,11,28.25,31.1,19.5,0.0,79.1,21.8,Low,121
248,13.071794,77.633715,128.3,87,64.15,0.737,0.0,0.207,32,1.0,Hennuru,,NO PARKING (61); PARKING IN A MAIN ROAD (37); WRONG PARKING (32),CAR,7,28.14,17.4,46.8,0.0,61.1,20.7,Low,122
136,12.971797,77.630347,106.5,54,50.95,0.944,0.0,0.0,2,1.0,Halasur,,WRONG PARKING (54); PARKING IN A MAIN ROAD (53); NO PARKING (53),CAR,12,28.07,11.5,98.5,0.0,0.0,0.0,Low,123
184,13.006873,77.579802,278.2,207,132.55,0.64,0.0,0.309,49,1.0,Sadashivanagar,,NO PARKING (184); PARKING IN A MAIN ROAD (44); WRONG PARKING (24),CAR,8,27.92,28.2,22.5,0.0,71.7,30.9,Low,124
161,12.989654,77.50193,327.3,318,185.75,0.584,0.0,0.327,72,1.0,Kamakshipalya,,NO PARKING (220); WRONG PARKING (105); PARKING IN A MAIN ROAD (12),SCOOTER,10,27.66,33.6,8.5,0.0,81.3,32.7,Low,125
96,12.942292,77.747255,126.3,69,51.6,0.748,0.0,0.246,26,1.0,Whitefield,,WRONG PARKING (58); PARKING IN A MAIN ROAD (27); NO PARKING (21),CAR,4,27.59,14.5,49.5,0.0,56.0,24.6,Low,127
82,12.936036,77.517968,211.4,287,175.8,0.613,0.0,0.279,55,1.0,Byatarayanapura,,WRONG PARKING (219); NO PARKING (69); PARKING IN A MAIN ROAD (17),SCOOTER,11,27.59,32.3,15.7,0.0,74.6,27.9,Low,126
135,12.972416,77.50807,281.2,171,107.5,0.629,0.0,0.339,59,1.0,Jnanabharathi,,NO PARKING (146); PARKING IN A MAIN ROAD (27); WRONG PARKING (27),CAR,7,27.52,25.8,19.7,0.0,76.3,33.9,Low,128
232,13.05092,77.552698,119.8,173,111.0,0.642,0.0,0.353,45,1.0,Jalahalli,,NO PARKING (160); WRONG PARKING (71); PARKING IN A MAIN ROAD (35),SCOOTER,10,27.5,26.0,23.0,0.0,69.6,35.3,Low,129
148,12.983306,77.752031,202.8,63,43.9,0.697,0.0,0.635,23,1.0,Whitefield,,NO PARKING (37); WRONG PARKING (29); PARKING IN A MAIN ROAD (20),CAR,9,27.5,13.4,36.7,0.0,53.0,63.5,Low,130
228,13.049513,77.496137,330.7,147,98.15,0.668,0.0,0.129,60,1.0,Chikkabanavara,,WRONG PARKING (98); NO PARKING (55); PARKING IN A MAIN ROAD (34),SCOOTER,11,27.35,23.9,29.5,0.0,76.7,12.9,Low,131
93,12.941667,77.567071,224.2,420,240.65,0.573,0.002,0.207,79,1.0,Basavanagudi,BTP215 - Vanivillas Junction,NO PARKING (272); WRONG PARKING (148); PARKING IN A MAIN ROAD (6),CAR,3,27.21,37.0,5.7,0.2,83.6,20.7,Low,132
117,12.95933,77.655797,184.9,99,69.1,0.698,0.0,0.253,36,1.0,Jeevanbheemanagar,,NO PARKING (70); WRONG PARKING (46); PARKING IN A MAIN ROAD (30),CAR,4,27.08,19.0,37.0,0.0,64.0,25.3,Low,133
229,13.050031,77.593115,159.0,415,242.25,0.584,0.0,0.207,59,1.0,Kodigehalli,,NO PARKING (262); WRONG PARKING (190); DEFECTIVE NUMBER PLATE (17),CAR,3,26.71,36.9,8.5,0.0,76.3,20.7,Low,134
12,12.87758,77.646919,502.3,436,261.85,0.601,0.0,0.039,64,1.0,Hulimavu,,WRONG PARKING (434); DEFECTIVE NUMBER PLATE (2); NO PARKING (2),CAR,2,26.58,37.5,12.7,0.0,78.4,3.9,Low,135
76,12.931884,77.515645,183.3,99,67.85,0.685,0.0,0.242,40,1.0,Kengeri,,NO PARKING (95); PARKING IN A MAIN ROAD (28); WRONG PARKING (4),CAR,7,26.55,19.0,33.8,0.0,66.6,24.2,Low,136
198,13.021917,77.592629,583.1,445,264.3,0.594,0.0,0.171,49,1.0,R.T. Nagar,,WRONG PARKING (350); NO PARKING (95); DEFECTIVE NUMBER PLATE (16),CAR,4,26.54,37.8,11.0,0.0,71.7,17.1,Low,137
10,12.876016,77.595864,371.3,517,297.3,0.575,0.0,0.174,57,1.0,Hulimavu,,NO PARKING (266); WRONG PARKING (252); DEFECTIVE NUMBER PLATE (8),SCOOTER,6,26.51,39.6,6.2,0.0,75.5,17.4,Low,138
113,12.956352,77.731637,193.2,75,53.7,0.716,0.0,0.293,26,1.0,Whitefield,,WRONG PARKING (50); NO PARKING (41); PARKING NEAR BUSTOP/SCHOOL/HOSPITAL ETC (25),CAR,9,26.37,15.6,41.5,0.0,56.0,29.3,Low,139
236,13.054453,77.763066,189.7,88,60.1,0.683,0.0,0.489,20,1.0,K.R. Pura,,WRONG PARKING (50); NO PARKING (39); PARKING IN A MAIN ROAD (20),MOTOR CYCLE,10,25.9,17.5,33.3,0.0,49.6,48.9,Low,140
21,12.888553,77.562654,226.2,318,177.35,0.558,0.0,0.305,73,1.0,Thalagattapura,,NO PARKING (284); WRONG PARKING (34); DEFECTIVE NUMBER PLATE (5),SCOOTER,11,25.87,33.6,2.0,0.0,81.7,30.5,Low,141
158,12.987416,77.61873,184.4,193,110.95,0.575,0.0,0.466,57,1.0,Pulikeshinagar(F.Town),,NO PARKING (159); WRONG PARKING (35); PARKING ON FOOTPATH (10),CAR,10,25.74,27.3,6.2,0.0,75.5,46.6,Low,142
222,13.045418,77.507049,208.5,201,120.45,0.599,0.0,0.204,72,1.0,Peenya,,WRONG PARKING (167); NO PARKING (35); DEFECTIVE NUMBER PLATE (9),PASSENGER AUTO,6,25.65,27.8,12.2,0.0,81.3,20.4,Low,143
189,13.008869,77.543161,234.6,225,132.95,0.591,0.031,0.151,64,1.0,Rajajinagar,BTP023 - Mahalaxmi Layout Entrance,WRONG PARKING (128); NO PARKING (100); DEFECTIVE NUMBER PLATE (15),CAR,6,25.22,29.2,10.2,3.1,78.4,15.1,Low,144
26,12.896654,77.720045,45.3,150,91.35,0.609,0.0,0.247,60,1.0,Whitefield,,WRONG PARKING (108); NO PARKING (44); DEFECTIVE NUMBER PLATE (10),SCOOTER,11,24.92,24.2,14.7,0.0,76.7,24.7,Low,145
182,13.005828,77.593343,263.3,140,83.25,0.595,0.0,0.407,53,1.0,R.T. Nagar,,WRONG PARKING (74); NO PARKING (66); DEFECTIVE NUMBER PLATE (8),CAR,4,24.92,23.3,11.2,0.0,73.6,40.7,Low,146
204,13.022284,77.638581,225.1,210,123.9,0.59,0.0,0.329,47,1.0,Banaswadi,,WRONG PARKING (161); NO PARKING (49); DEFECTIVE NUMBER PLATE (4),SCOOTER,13,24.9,28.4,10.0,0.0,70.6,32.9,Low,147
179,13.004526,77.757137,322.2,148,86.35,0.583,0.0,0.432,52,1.0,Mahadevapura,,NO PARKING (88); WRONG PARKING (61); PARKING IN A MAIN ROAD (5),CAR,8,24.56,24.0,8.2,0.0,73.2,43.2,Low,148
251,13.093676,77.594238,138.4,304,180.2,0.593,0.0,0.247,35,1.0,Yelahanka,,WRONG PARKING (246); NO PARKING (59); DEFECTIVE NUMBER PLATE (10),SCOOTER,5,24.55,33.0,10.7,0.0,63.3,24.7,Low,149
88,12.93828,77.592623,82.0,95,52.5,0.553,0.0,0.663,59,1.0,Wilson Garden,,NO PARKING (90); WRONG PARKING (5),CAR,8,23.81,18.5,0.8,0.0,76.3,66.3,Low,150
172,12.998961,77.688118,218.0,116,75.9,0.654,0.0,0.086,41,1.0,Mahadevapura,,WRONG PARKING (60); NO PARKING (57); PARKING IN A MAIN ROAD (22),CAR,3,23.74,21.0,26.0,0.0,67.2,8.6,Low,151
109,12.95563,77.718318,225.7,65,44.2,0.68,0.0,0.215,33,1.0,Whitefield,,WRONG PARKING (52); NO PARKING (27); PARKING ON FOOTPATH (17),CAR,6,23.69,13.8,32.5,0.0,61.8,21.5,Low,152
239,13.057304,77.546921,195.5,193,109.85,0.569,0.0,0.212,68,1.0,Jalahalli,,NO PARKING (150); WRONG PARKING (46); PARKING IN A MAIN ROAD (4),CAR,11,23.48,27.3,4.7,0.0,79.9,21.2,Low,153
55,12.917186,77.651725,238.0,149,86.05,0.578,0.0,0.289,58,1.0,HSR Layout,,WRONG PARKING (82); NO PARKING (67); DEFECTIVE NUMBER PLATE (1),SCOOTER,6,23.25,24.1,7.0,0.0,75.9,28.9,Low,154
216,13.035602,77.73541,217.7,75,52.35,0.698,0.0,0.04,30,1.0,K.R. Pura,,NO PARKING (63); PARKING NEAR ROAD CROSSING (26); PARKING ON FOOTPATH (24),CAR,2,23.24,15.6,37.0,0.0,59.5,4.0,Low,155
144,12.977876,77.71318,175.8,50,40.85,0.817,0.0,0.0,6,1.0,Mahadevapura,,WRONG PARKING (50); PARKING IN A MAIN ROAD (31); NO PARKING (18),SCOOTER,6,23.09,10.6,66.7,0.0,21.6,0.0,Low,156
14,12.875644,77.67088,167.9,63,43.6,0.692,0.0,0.238,20,1.0,Electronic City,,WRONG PARKING (60); PARKING IN A MAIN ROAD (16); DEFECTIVE NUMBER PLATE (7),SCOOTER,11,22.71,13.4,35.5,0.0,49.6,23.8,Low,157
250,13.083543,77.637642,120.3,58,42.1,0.726,0.0,0.034,21,1.0,Hennuru,,WRONG PARKING (57); PARKING IN A MAIN ROAD (21); DEFECTIVE NUMBER PLATE (8),SCOOTER,13,22.67,12.4,44.0,0.0,50.8,3.4,Low,158
43,12.911083,77.644644,287.1,179,101.35,0.566,0.0,0.531,24,1.0,HSR Layout,,NO PARKING (121); WRONG PARKING (58); DEFECTIVE NUMBER PLATE (9),CAR,9,22.33,26.4,4.0,0.0,54.0,53.1,Low,159
215,13.03655,77.574801,214.1,133,79.95,0.601,0.0,0.519,18,1.0,Kodigehalli,,WRONG PARKING (129); NO PARKING (4); DEFECTIVE NUMBER PLATE (2),MOTOR CYCLE,9,22.23,22.7,12.7,0.0,47.0,51.9,Low,160
13,12.875947,77.544009,201.1,61,38.55,0.632,0.0,0.426,30,1.0,Thalagattapura,,WRONG PARKING (37); NO PARKING (24); PARKING IN A MAIN ROAD (9),CAR,10,22.21,13.0,20.5,0.0,59.5,42.6,Low,161
210,13.034655,77.624199,373.8,393,218.75,0.557,0.0,0.051,43,1.0,K.G. Halli,,NO PARKING (365); WRONG PARKING (32); PARKING ON FOOTPATH (5),CAR,4,22.07,36.2,1.8,0.0,68.4,5.1,Low,162
24,12.894394,77.657227,84.2,67,43.3,0.646,0.0,0.254,33,1.0,HSR Layout,,NO PARKING (44); WRONG PARKING (24); PARKING IN A MAIN ROAD (15),CAR,11,22.07,14.2,24.0,0.0,61.8,25.4,Low,163
220,13.041934,77.613554,129.3,35,25.0,0.714,0.0,0.371,14,1.0,K.G. Halli,,WRONG PARKING (28); PARKING IN A MAIN ROAD (11); NO PARKING (9),CAR,12,21.96,6.2,41.0,0.0,41.0,37.1,Low,164
85,12.937916,77.62662,312.4,150,87.45,0.583,0.0,0.08,62,1.0,Adugodi,,WRONG PARKING (92); NO PARKING (59); DEFECTIVE NUMBER PLATE (3),SCOOTER,13,21.75,24.2,8.2,0.0,77.6,8.0,Low,165
149,12.984704,77.708427,330.9,97,63.6,0.656,0.0,0.165,22,1.0,Mahadevapura,,WRONG PARKING (75); NO PARKING (30); PARKING IN A MAIN ROAD (18),CAR,11,21.68,18.7,26.5,0.0,51.9,16.5,Low,166
19,12.883495,77.75231,101.4,38,26.25,0.691,0.0,0.263,22,1.0,No Police Station,,WRONG PARKING (34); NO PARKING (16); PARKING IN A MAIN ROAD (9),CAR,4,21.38,7.2,35.2,0.0,51.9,26.3,Low,167
37,12.906792,77.696726,234.4,173,102.85,0.595,0.0,0.179,28,1.0,Bellandur,,WRONG PARKING (154); NO PARKING (19); DEFECTIVE NUMBER PLATE (3),SCOOTER,7,21.06,26.0,11.2,0.0,57.8,17.9,Low,168
48,12.911406,77.480384,145.8,40,26.7,0.667,0.0,0.375,21,1.0,Kengeri,,NO PARKING (39); PARKING IN A MAIN ROAD (11); WRONG PARKING (2),CAR,5,21.02,7.8,29.3,0.0,50.8,37.5,Low,169
233,13.050495,77.525528,28.3,206,117.7,0.571,0.0,0.286,25,1.0,Jalahalli,,NO PARKING (118); WRONG PARKING (88); DEFECTIVE NUMBER PLATE (2),SCOOTER,3,20.86,28.1,5.2,0.0,55.0,28.6,Low,170
262,13.244842,77.713167,168.0,80,48.0,0.6,0.0,0.438,26,1.0,Devanahalli Airport,,NO PARKING (66); WRONG PARKING (17); PARKING IN A MAIN ROAD (6),CAR,4,20.81,16.4,12.5,0.0,56.0,43.8,Low,171
126,12.966818,77.658296,114.5,86,53.0,0.616,0.0,0.616,11,1.0,Jeevanbheemanagar,,WRONG PARKING (76); NO PARKING (55); PARKING ON FOOTPATH (27),CAR,9,20.76,17.3,16.5,0.0,35.3,61.6,Low,172
201,13.019062,77.553225,190.4,57,38.05,0.668,0.0,0.053,32,1.0,Yeshwanthpura,,WRONG PARKING (35); NO PARKING (22); PARKING IN A MAIN ROAD (13),PASSENGER AUTO,1,20.72,12.2,29.5,0.0,61.1,5.3,Low,173
241,13.060138,77.576551,202.1,94,56.95,0.606,0.0,0.213,34,1.0,Kodigehalli,,WRONG PARKING (91); DEFECTIVE NUMBER PLATE (7); NO PARKING (3),CAR,6,20.53,18.4,14.0,0.0,62.6,21.3,Low,174
157,12.98702,77.519404,135.8,194,108.0,0.557,0.0,0.376,24,1.0,Kamakshipalya,,NO PARKING (168); WRONG PARKING (26); DEFECTIVE NUMBER PLATE (13),SCOOTER,8,20.51,27.4,1.8,0.0,54.0,37.6,Low,175
46,12.910248,77.685902,254.6,80,46.7,0.584,0.0,0.338,41,1.0,Bellandur,,NO PARKING (58); WRONG PARKING (23); PARKING IN A MAIN ROAD (3),CAR,7,20.5,16.4,8.5,0.0,67.2,33.8,Low,176
17,12.881888,77.595877,124.6,84,49.65,0.591,0.0,0.226,46,1.0,J.P. Nagar,,WRONG PARKING (69); NO PARKING (15); DEFECTIVE NUMBER PLATE (2),SCOOTER,7,20.43,17.0,10.2,0.0,70.1,22.6,Low,177
167,12.993027,77.716946,195.7,81,52.25,0.645,0.0,0.037,32,1.0,Mahadevapura,,WRONG PARKING (63); NO PARKING (30); PARKING IN A MAIN ROAD (13),CAR,4,20.42,16.5,23.8,0.0,61.1,3.7,Low,178
219,13.041937,77.514481,90.8,94,56.45,0.601,0.0,0.255,32,1.0,Peenya,,NO PARKING (76); WRONG PARKING (20); PARKING ON FOOTPATH (11),SCOOTER,11,20.41,18.4,12.7,0.0,61.1,25.5,Low,179
69,12.923256,77.651195,193.5,104,58.45,0.562,0.0,0.365,41,1.0,HSR Layout,,NO PARKING (87); WRONG PARKING (17); DEFECTIVE NUMBER PLATE (4),CAR,10,20.37,19.6,3.0,0.0,67.2,36.5,Low,180
116,12.958588,77.668224,108.1,258,153.4,0.595,0.0,0.047,22,1.0,HAL Old Airport,,WRONG PARKING (215); NO PARKING (44); DEFECTIVE NUMBER PLATE (9),SCOOTER,3,20.35,30.9,11.2,0.0,51.9,4.7,Low,181
140,12.976201,77.599481,182.1,88,52.9,0.601,0.114,0.261,17,1.0,Cubbon Park,BTP042 - Minsk Square Junction (CTO),WRONG PARKING (69); NO PARKING (19); PARKING IN A MAIN ROAD (3),SCOOTER,6,20.19,17.5,12.7,11.4,45.6,26.1,Low,182
31,12.903692,77.70415,119.7,106,62.4,0.589,0.0,0.094,50,1.0,Bellandur,,WRONG PARKING (82); NO PARKING (24),CAR,11,20.16,19.9,9.7,0.0,72.2,9.4,Low,183
16,12.879583,77.545503,189.1,55,33.15,0.603,0.0,0.4,31,1.0,Thalagattapura,,NO PARKING (28); WRONG PARKING (27); PARKING IN A MAIN ROAD (3),CAR,10,19.88,11.7,13.2,0.0,60.3,40.0,Low,184
8,12.869383,77.536854,138.3,35,24.2,0.691,0.0,0.171,20,1.0,Thalagattapura,,WRONG PARKING (28); PARKING IN A MAIN ROAD (10); NO PARKING (7),CAR,11,19.81,6.2,35.2,0.0,49.6,17.1,Low,185
177,13.000714,77.595927,216.3,139,83.8,0.603,0.0,0.165,20,1.0,R.T. Nagar,,WRONG PARKING (126); NO PARKING (13); DEFECTIVE NUMBER PLATE (7),CAR,3,19.37,23.2,13.2,0.0,49.6,16.5,Low,186
249,13.08176,77.548298,95.5,41,25.8,0.629,0.0,0.317,29,1.0,Yelahanka,,NO PARKING (30); WRONG PARKING (13); PARKING IN A MAIN ROAD (6),CAR,11,19.34,8.1,19.7,0.0,58.7,31.7,Low,187
162,12.989173,77.507844,73.3,82,49.9,0.609,0.0,0.134,33,1.0,Kamakshipalya,,NO PARKING (45); WRONG PARKING (38); PARKING IN A MAIN ROAD (7),CAR,11,19.3,16.7,14.7,0.0,61.8,13.4,Low,188
237,13.055109,77.50758,190.4,103,57.7,0.56,0.0,0.165,51,1.0,Chikkabanavara,,NO PARKING (82); WRONG PARKING (21); DEFECTIVE NUMBER PLATE (10),CAR,11,19.02,19.5,2.5,0.0,72.7,16.5,Low,189
255,13.099609,77.588588,79.0,141,79.15,0.561,0.0,0.262,27,1.0,Yelahanka,,NO PARKING (132); WRONG PARKING (9); DEFECTIVE NUMBER PLATE (2),SCOOTER,11,18.86,23.4,2.8,0.0,56.9,26.2,Low,190
197,13.016252,77.549688,217.5,77,47.4,0.616,0.0,0.013,37,1.0,Rajajinagar,,WRONG PARKING (64); NO PARKING (13); DEFECTIVE NUMBER PLATE (5),CAR,3,18.72,15.9,16.5,0.0,64.7,1.3,Low,191
28,12.9005,77.585857,172.8,54,31.4,0.581,0.111,0.167,34,1.0,J.P. Nagar,"BTP221 - 15th Cross, 24th Main, JP Nagar",NO PARKING (35); WRONG PARKING (19); DEFECTIVE NUMBER PLATE (4),CAR,12,18.67,11.5,7.7,11.1,62.6,16.7,Low,192
256,13.121237,77.610976,276.1,111,66.5,0.599,0.0,0.09,27,1.0,Yelahanka,,WRONG PARKING (109); NO PARKING (2); DEFECTIVE NUMBER PLATE (2),MAXI-CAB,3,18.62,20.4,12.2,0.0,56.9,9.0,Low,193
130,12.967131,77.608378,136.3,37,21.8,0.589,0.135,0.378,20,1.0,Ashok Nagar,BTP141 - Palmgroove Junction,NO PARKING (31); WRONG PARKING (7); PARKING IN A MAIN ROAD (2),CAR,10,18.41,6.9,9.7,13.5,49.6,37.8,Low,194
79,12.933502,77.622974,235.3,75,42.9,0.572,0.0,0.347,28,1.0,Adugodi,,NO PARKING (42); WRONG PARKING (33); PARKING ON FOOTPATH (1),CAR,8,18.18,15.6,5.5,0.0,57.8,34.7,Low,195
238,13.055031,77.534785,119.8,63,36.7,0.583,0.0,0.27,34,1.0,Jalahalli,,WRONG PARKING (33); NO PARKING (30); PARKING IN A MAIN ROAD (1),SCOOTER,11,18.17,13.4,8.2,0.0,62.6,27.0,Low,196
32,12.903494,77.642071,37.6,49,29.4,0.6,0.0,0.735,9,1.0,HSR Layout,,WRONG PARKING (49); DEFECTIVE NUMBER PLATE (2); PARKING ON FOOTPATH (1),LGV,10,18.17,10.3,12.5,0.0,30.7,73.5,Low,197
80,12.934972,77.536517,82.5,211,116.25,0.551,0.0,0.005,34,1.0,Banashankari,,NO PARKING (207); DEFECTIVE NUMBER PLATE (10); WRONG PARKING (4),SCOOTER,2,18.03,28.4,0.3,0.0,62.6,0.5,Low,198
22,12.894798,77.599122,181.0,171,94.1,0.55,0.0,0.058,37,1.0,J.P. Nagar,,NO PARKING (170); DEFECTIVE NUMBER PLATE (5); WRONG PARKING (1),SCOOTER,6,18.02,25.8,0.0,0.0,64.7,5.8,Low,199
173,12.999263,77.624777,240.4,159,88.65,0.558,0.0,0.164,26,1.0,Pulikeshinagar(F.Town),,NO PARKING (151); WRONG PARKING (9); PARKING IN A MAIN ROAD (2),CAR,3,18.01,24.9,2.0,0.0,56.0,16.4,Low,200
160,12.988889,77.71145,270.4,67,40.75,0.608,0.0,0.358,15,1.0,Mahadevapura,,WRONG PARKING (57); NO PARKING (12); PARKING IN A MAIN ROAD (3),CAR,10,17.85,14.2,14.5,0.0,42.6,35.8,Low,201
174,12.999681,77.619012,191.4,78,45.65,0.585,0.0,0.167,32,1.0,Pulikeshinagar(F.Town),,WRONG PARKING (55); NO PARKING (23),CAR,15,17.83,16.0,8.7,0.0,61.1,16.7,Low,202
200,13.019544,77.538655,215.3,79,46.9,0.594,0.0,0.177,25,1.0,Rajajinagar,,WRONG PARKING (61); NO PARKING (18); DEFECTIVE NUMBER PLATE (1),CAR,7,17.63,16.2,11.0,0.0,55.0,17.7,Low,203
234,13.052553,77.486741,213.9,61,37.4,0.613,0.0,0.18,23,1.0,No Police Station,,WRONG PARKING (59); NO PARKING (3); PARKING ON FOOTPATH (2),CAR,12,17.58,13.0,15.7,0.0,53.0,18.0,Low,204
178,13.002033,77.632767,227.1,59,33.7,0.571,0.0,0.559,17,1.0,Banaswadi,,NO PARKING (56); PARKING IN A MAIN ROAD (3); WRONG PARKING (3),SCOOTER,10,17.53,12.6,5.2,0.0,45.6,55.9,Low,205
30,12.903207,77.625936,187.7,54,31.0,0.574,0.0,0.426,24,1.0,Madiwala,,NO PARKING (35); WRONG PARKING (19); PARKING IN A MAIN ROAD (1),SCOOTER,10,17.31,11.5,6.0,0.0,54.0,42.6,Low,207
51,12.912227,77.651605,195.5,71,39.9,0.562,0.0,0.282,33,1.0,HSR Layout,,NO PARKING (54); WRONG PARKING (17); DEFECTIVE NUMBER PLATE (1),SCOOTER,11,17.31,14.9,3.0,0.0,61.8,28.2,Low,206
54,12.914407,77.481306,86.9,48,30.25,0.63,0.0,0.104,23,1.0,Kengeri,,NO PARKING (34); WRONG PARKING (16); PARKING IN A MAIN ROAD (8),CAR,5,17.0,10.0,20.0,0.0,53.0,10.4,Low,208
11,12.874193,77.540846,118.6,35,22.75,0.65,0.0,0.143,20,1.0,Thalagattapura,,WRONG PARKING (20); NO PARKING (15); PARKING IN A MAIN ROAD (5),CAR,12,16.97,6.2,25.0,0.0,49.6,14.3,Low,209
150,12.983721,77.529184,225.4,66,37.85,0.573,0.0,0.121,35,1.0,Kamakshipalya,,NO PARKING (43); WRONG PARKING (23); PARKING IN A MAIN ROAD (1),SCOOTER,12,16.34,14.0,5.7,0.0,63.3,12.1,Low,210
23,12.893965,77.567999,148.2,52,30.2,0.581,0.0,0.192,32,1.0,K.S. Layout,,NO PARKING (52); PARKING IN A MAIN ROAD (4); DEFECTIVE NUMBER PLATE (2),CAR,11,16.33,11.0,7.7,0.0,61.1,19.2,Low,211
240,13.058654,77.466405,96.5,40,24.95,0.624,0.0,0.25,17,1.0,No Police Station,,WRONG PARKING (38); PARKING IN A MAIN ROAD (3); H T V PROHIBITED (2),CAR,3,16.32,7.8,18.5,0.0,45.6,25.0,Low,212
60,12.919992,77.645033,196.4,66,36.5,0.553,0.0,0.348,25,1.0,HSR Layout,,NO PARKING (62); WRONG PARKING (4); DEFECTIVE NUMBER PLATE (3),CAR,4,16.11,14.0,0.8,0.0,55.0,34.8,Low,213
191,13.010795,77.506274,180.9,52,30.2,0.581,0.0,0.308,21,1.0,Peenya,,WRONG PARKING (32); NO PARKING (21); DEFECTIVE NUMBER PLATE (1),PASSENGER AUTO,9,15.94,11.0,7.7,0.0,50.8,30.8,Low,214
6,12.861866,77.529948,154.1,64,39.5,0.617,0.0,0.078,17,1.0,Thalagattapura,,NO PARKING (34); WRONG PARKING (30); PARKING IN A MAIN ROAD (8),CAR,11,15.89,13.6,16.7,0.0,45.6,7.8,Low,215
194,13.012862,77.626329,210.9,65,37.3,0.574,0.0,0.092,32,1.0,Banaswadi,,NO PARKING (59); WRONG PARKING (7); DEFECTIVE NUMBER PLATE (3),CAR,3,15.72,13.8,6.0,0.0,61.1,9.2,Low,216
145,12.979878,77.652495,221.4,107,60.1,0.562,0.0,0.234,16,1.0,Banaswadi,,NO PARKING (106); WRONG PARKING (4); PARKING ON FOOTPATH (4),CAR,5,15.71,20.0,3.0,0.0,44.2,23.4,Low,217
5,12.857487,77.589018,181.9,53,30.3,0.572,0.0,0.245,26,1.0,Hulimavu,,NO PARKING (30); WRONG PARKING (23),CAR,9,15.6,11.3,5.5,0.0,56.0,24.5,Low,218
226,13.047098,77.500955,74.2,116,69.95,0.603,0.0,0.069,11,1.0,Peenya,,WRONG PARKING (102); DEFECTIVE NUMBER PLATE (16); NO PARKING (16),SCOOTER,4,15.59,21.0,13.2,0.0,35.3,6.9,Low,219
147,12.979262,77.709715,135.7,38,26.3,0.692,0.0,0.026,8,1.0,Mahadevapura,,WRONG PARKING (38); PARKING IN A MAIN ROAD (10); DEFECTIVE NUMBER PLATE (3),CAR,16,15.49,7.2,35.5,0.0,28.0,2.6,Low,220
187,13.006686,77.621213,112.0,104,63.35,0.609,0.0,0.212,7,1.0,Pulikeshinagar(F.Town),,NO PARKING (75); WRONG PARKING (33); DOUBLE PARKING (15),SCOOTER,4,15.44,19.6,14.7,0.0,25.0,21.2,Low,221
35,12.905973,77.542323,122.5,62,36.15,0.583,0.0,0.048,30,1.0,K.S. Layout,,WRONG PARKING (41); NO PARKING (21),SCOOTER,13,15.43,13.2,8.2,0.0,59.5,4.8,Low,222
253,13.09905,77.57713,119.8,89,49.95,0.561,0.0,0.213,19,1.0,Yelahanka,,NO PARKING (69); WRONG PARKING (20); DEFECTIVE NUMBER PLATE (1),CAR,5,15.37,17.7,2.8,0.0,48.3,21.3,Low,223
209,13.029193,77.580943,131.0,36,21.6,0.6,0.0,0.833,4,1.0,Kodigehalli,,WRONG PARKING (36); DEFECTIVE NUMBER PLATE (6),CAR,10,15.36,6.5,12.5,0.0,13.0,83.3,Low,224
168,12.993418,77.568083,143.9,42,25.15,0.599,0.0,0.476,10,1.0,Sheshadripuram,,NO PARKING (23); WRONG PARKING (19); PARKING IN A MAIN ROAD (3),CAR,8,15.31,8.4,12.2,0.0,33.1,47.6,Low,225
90,12.938232,77.533319,129.1,58,35.1,0.605,0.0,0.103,18,1.0,Banashankari,,WRONG PARKING (48); NO PARKING (13); PARKING IN A MAIN ROAD (2),MOTOR CYCLE,3,15.24,12.4,13.7,0.0,47.0,10.3,Low,226
259,13.144209,77.617861,96.6,92,52.7,0.573,0.0,0.13,18,1.0,Chikkajala,,NO PARKING (83); WRONG PARKING (13); PARKING NEAR ROAD CROSSING (4),MOTOR CYCLE,1,15.22,18.1,5.7,0.0,47.0,13.0,Low,227
20,12.884232,77.59752,154.2,70,41.9,0.599,0.0,0.314,8,1.0,Hulimavu,,WRONG PARKING (68); NO PARKING (2); DEFECTIVE NUMBER PLATE (1),MOTOR CYCLE,8,14.81,14.7,12.2,0.0,28.0,31.4,Low,228
193,13.011703,77.569009,131.7,38,23.4,0.616,0.0,0.184,16,1.0,Malleshwaram,,WRONG PARKING (28); NO PARKING (12); PARKING IN A MAIN ROAD (3),CAR,4,14.75,7.2,16.5,0.0,44.2,18.4,Low,229
246,13.068755,77.530118,201.7,76,44.25,0.582,0.0,0.026,18,1.0,Jalahalli,,WRONG PARKING (49); NO PARKING (27); DEFECTIVE NUMBER PLATE (1),SCOOTER,12,14.03,15.7,8.0,0.0,47.0,2.6,Low,230
206,13.026385,77.720562,61.7,43,24.6,0.572,0.0,0.209,23,1.0,K.R. Pura,,NO PARKING (32); WRONG PARKING (11); PARKING IN A MAIN ROAD (1),CAR,11,14.02,8.7,5.5,0.0,53.0,20.9,Low,231
134,12.97025,77.610179,38.4,66,36.8,0.558,0.0,0.121,24,1.0,Ashok Nagar,,NO PARKING (56); WRONG PARKING (10),PASSENGER AUTO,11,14.0,14.0,2.0,0.0,54.0,12.1,Low,232
29,12.901537,77.593854,108.7,55,30.7,0.558,0.145,0.0,18,1.0,J.P. Nagar,BTP222 - Delmia Circle,NO PARKING (54); DEFECTIVE NUMBER PLATE (1); PARKING IN A MAIN ROAD (1),CAR,3,13.97,11.7,2.0,14.5,47.0,0.0,Low,233
112,12.956575,77.708637,138.0,65,39.0,0.6,0.0,0.0,15,1.0,HAL Old Airport,,WRONG PARKING (65); DEFECTIVE NUMBER PLATE (1),MAXI-CAB,2,13.66,13.8,12.5,0.0,42.6,0.0,Low,234
25,12.89523,77.675834,43.5,59,35.4,0.6,0.0,0.203,9,1.0,Bellandur,,WRONG PARKING (59); DEFECTIVE NUMBER PLATE (1),SCOOTER,4,13.53,12.6,12.5,0.0,30.7,20.3,Low,235
39,12.905973,77.638502,178.8,42,25.0,0.595,0.0,0.024,22,1.0,HSR Layout,,WRONG PARKING (38); NO PARKING (4); DEFECTIVE NUMBER PLATE (1),LGV,5,13.36,8.4,11.2,0.0,51.9,2.4,Low,236
225,13.04595,77.522309,89.9,43,24.6,0.572,0.0,0.047,27,1.0,Jalahalli,,NO PARKING (32); WRONG PARKING (11); PARKING IN A MAIN ROAD (1),CAR,0,12.99,8.7,5.5,0.0,56.9,4.7,Low,237
247,13.068779,77.626111,127.1,47,27.45,0.584,0.0,0.213,12,1.0,Hennuru,,NO PARKING (47); PARKING IN A MAIN ROAD (4); PARKING ON FOOTPATH (3),SCOOTER,13,12.8,9.8,8.5,0.0,37.4,21.3,Low,238
243,13.060393,77.652079,55.1,67,37.9,0.566,0.0,0.179,12,1.0,Hennuru,,NO PARKING (53); WRONG PARKING (14); DEFECTIVE NUMBER PLATE (1),CAR,11,12.64,14.2,4.0,0.0,37.4,17.9,Low,239
244,13.06077,77.461264,66.9,35,21.45,0.613,0.0,0.114,12,1.0,No Police Station,,WRONG PARKING (28); NO PARKING (7); DOUBLE PARKING (2),CAR,5,12.54,6.2,15.7,0.0,37.4,11.4,Low,240
231,13.050246,77.507751,149.4,47,27.15,0.578,0.0,0.021,21,1.0,Chikkabanavara,,WRONG PARKING (26); NO PARKING (21); DEFECTIVE NUMBER PLATE (1),CAR,13,12.51,9.8,7.0,0.0,50.8,2.1,Low,241
202,13.019348,77.70861,139.9,39,22.4,0.574,0.0,0.128,19,1.0,K.R. Pura,,NO PARKING (20); WRONG PARKING (19); PARKING ON FOOTPATH (1),CAR,11,12.28,7.5,6.0,0.0,48.3,12.8,Low,242
15,12.876004,77.616615,60.3,47,26.0,0.553,0.0,0.043,27,1.0,Hulimavu,,NO PARKING (44); WRONG PARKING (3); DEFECTIVE NUMBER PLATE (2),CAR,11,12.09,9.8,0.8,0.0,56.9,4.3,Low,243
205,13.02127,77.657191,154.6,37,21.65,0.585,0.0,0.054,19,1.0,Hennuru,,WRONG PARKING (26); NO PARKING (11),CAR,3,12.03,6.9,8.7,0.0,48.3,5.4,Low,244
258,13.121229,77.617709,184.4,46,27.95,0.608,0.0,0.022,11,1.0,Yelahanka,,WRONG PARKING (46); DEFECTIVE NUMBER PLATE (2); PARKING IN A MAIN ROAD (1),CAR,4,12.0,9.5,14.5,0.0,35.3,2.2,Low,245
57,12.917065,77.500183,62.1,43,23.9,0.556,0.0,0.512,7,1.0,Kengeri,,NO PARKING (38); WRONG PARKING (5),SCOOTER,10,11.85,8.7,1.5,0.0,25.0,51.2,Low,246
151,12.985447,77.47986,127.2,43,26.15,0.608,0.0,0.023,11,1.0,Kamakshipalya,,WRONG PARKING (36); NO PARKING (7); PARKING IN A MAIN ROAD (2),CAR,11,11.76,8.7,14.5,0.0,35.3,2.3,Low,247
221,13.043311,77.590563,98.9,32,19.25,0.602,0.0,0.031,15,1.0,Kodigehalli,,NO PARKING (21); WRONG PARKING (19); PARKING IN A MAIN ROAD (2),PASSENGER AUTO,2,11.48,5.1,13.0,0.0,42.6,3.1,Low,248
77,12.931522,77.592545,22.3,39,23.4,0.6,0.0,0.103,8,1.0,Jayanagara,,WRONG PARKING (39); DEFECTIVE NUMBER PLATE (1),SCOOTER,13,10.6,7.5,12.5,0.0,28.0,10.3,Low,249
195,13.014137,77.492195,150.2,58,35.1,0.605,0.0,0.017,6,1.0,Kamakshipalya,,WRONG PARKING (57); NO PARKING (1); PARKING IN A MAIN ROAD (1),CAR,11,10.56,12.4,13.7,0.0,21.6,1.7,Low,250
175,12.999451,77.488772,57.8,37,22.5,0.608,0.0,0.027,8,1.0,Kamakshipalya,,WRONG PARKING (36); DEFECTIVE NUMBER PLATE (2); NO PARKING (1),SCOOTER,11,10.15,6.9,14.5,0.0,28.0,2.7,Low,251
186,13.006188,77.564908,143.4,39,23.55,0.604,0.0,0.026,8,1.0,Malleshwaram,,WRONG PARKING (26); NO PARKING (13); PARKING NEAR BUSTOP/SCHOOL/HOSPITAL ETC (2),CAR,12,10.08,7.5,13.5,0.0,28.0,2.6,Low,252
254,13.098286,77.584565,113.1,41,24.05,0.587,0.0,0.146,7,1.0,Yelahanka,,WRONG PARKING (30); NO PARKING (11); DEFECTIVE NUMBER PLATE (1),SCOOTER,11,9.96,8.1,9.2,0.0,25.0,14.6,Low,253
91,12.938616,77.492867,141.9,35,19.95,0.57,0.0,0.029,15,1.0,Jnanabharathi,,NO PARKING (21); WRONG PARKING (14),CAR,11,9.79,6.2,5.0,0.0,42.6,2.9,Low,254
223,13.045581,77.627107,85.1,50,27.5,0.55,0.0,0.1,11,1.0,Hennuru,,NO PARKING (50); DEFECTIVE NUMBER PLATE (3),SCOOTER,11,9.46,10.6,0.0,0.0,35.3,10.0,Low,255
217,13.035721,77.514124,169.3,42,24.05,0.573,0.0,0.024,9,1.0,Peenya,,NO PARKING (40); PARKING ON FOOTPATH (5); DEFECTIVE NUMBER PLATE (3),CAR,6,8.8,8.4,5.7,0.0,30.7,2.4,Low,256
9,12.87148,77.538812,114.8,21,12.3,0.586,0.0,0.19,9,1.0,Thalagattapura,,WRONG PARKING (15); NO PARKING (6),CAR,6,8.75,0.0,9.0,0.0,30.7,19.0,Low,257
190,13.009088,77.758873,75.5,35,19.3,0.551,0.0,0.114,12,1.0,Mahadevapura,,NO PARKING (34); WRONG PARKING (1),SCOOTER,7,8.66,6.2,0.3,0.0,37.4,11.4,Low,258
180,13.003471,77.662747,94.0,53,29.2,0.551,0.0,0.038,8,1.0,Banaswadi,,NO PARKING (52); DEFECTIVE NUMBER PLATE (2); WRONG PARKING (1),SCOOTER,4,8.02,11.3,0.3,0.0,28.0,3.8,Low,259
3,12.850905,77.657456,53.0,47,28.2,0.6,0.0,0.0,4,1.0,Electronic City,,WRONG PARKING (47); DEFECTIVE NUMBER PLATE (2),SCOOTER,12,8.01,9.8,12.5,0.0,13.0,0.0,Low,260
214,13.032955,77.627493,187.9,40,22.45,0.561,0.0,0.0,8,1.0,K.G. Halli,,NO PARKING (40); PARKING NEAR TRAFFIC LIGHT OR ZEBRA CROSS (1),CAR,2,7.23,7.8,2.8,0.0,28.0,0.0,Low,261
230,13.049992,77.630181,198.2,60,33.0,0.55,0.0,0.0,6,1.0,Hennuru,,NO PARKING (60),MOTOR CYCLE,15,7.08,12.8,0.0,0.0,21.6,0.0,Low,262
212,13.032015,77.563844,116.4,37,22.1,0.597,0.0,0.0,4,1.0,Yeshwanthpura,,WRONG PARKING (35); DEFECTIVE NUMBER PLATE (2); NO PARKING (2),CAR,3,6.95,6.9,11.7,0.0,13.0,0.0,Low,263
